{"sum":{"mean":0.0003753803104,"std":5.467426466384441e-5},"improvedsum":{"mean":0.00039245756530000003,"std":5.496039238359414e-5},"numpy.sum":{"mean":0.0003974769436,"std":5.951302849699473e-5},"naivesum":{"mean":0.001363708948696845,"std":0.0001106761062248994}}