{"numpy.sum": {"mean": 0.00046422754099994563, "std": 0.00017025052453127772}, "sum": {"mean": 0.06042309821599656, "std": 0.003399943352681424}, "naivesum": {"mean": 0.0827287389300036, "std": 0.003935269220893845}}